station,lat,lon
Abbey Road DLR,51.5325181,0.0037702
Abbey Wood,51.4915342,0.1215457
Acton Central,51.5064722,-0.2641835
Acton Main Line,51.5178531,-0.2663126
Acton Town,51.5027143,-0.2799677
Aldgate,51.5142477,-0.0757186
Aldgate East,51.5153494,-0.0702476
All Saints,51.5108398,-0.0130551
Alperton,51.5408036,-0.3000963
Amersham,51.6545926,-0.5853416
Anerley,51.4120799,-0.0655535
Angel,51.5324874,-0.1060356
Archway,51.5660014,-0.1353098
Arnos Grove,51.6166273,-0.1331958
Arsenal,51.5583839,-0.1074866
Baker Street,51.5234241,-0.1580778
Balham,51.4430399,-0.1515974
Bank,51.5133036,-0.0897457
Barbican,51.5208745,-0.0973156
Barking,51.5393879,0.0815614
Barking Riverside,51.5198062,0.1160936
Barkingside,51.5873998,0.0849599
Barons Court,51.4902,-0.215087
Battersea Power Station,51.4798723,-0.1425074
Bayswater,51.512313,-0.1878028
Beckton,51.5137311,0.0609447
Beckton Park,51.5092093,0.0539985
Becontree,51.5403111,0.1265241
Belsize Park,51.5505889,-0.165142
Bermondsey,51.4978464,-0.0637407
Bethnal Green,51.5273143,-0.0548481
Bethnal Green NR,51.5303456,-0.0561633
Blackfriars,51.5104871,-0.1032417
Blackhorse Road,51.5869017,-0.0412711
Blackwall,51.5083098,-0.0073903
Bond Street,51.5142559,-0.1497856
Borough,51.5011444,-0.0932926
Boston Manor,51.4960028,-0.3250645
Bounds Green,51.6070469,-0.1245456
Bow Church,51.5280865,-0.0204581
Bow Road,51.5270591,-0.0252401
Brent Cross,51.5764413,-0.2128428
Brentwood,35.8638458,-94.1003587
Brixton,51.4625268,-0.1144038
Brockley,51.4633813,-0.0358641
Bromley-by-Bow,51.5246287,-0.0123189
Brondesbury,51.545363,-0.2021196
Brondesbury Park,51.5405138,-0.2103359
Bruce Grove,51.5948222,-0.070825
Buckhurst Hill,51.6255446,0.0426503
Burnt Oak,51.6026879,-0.2642036
Bush Hill Park,51.6421446,-0.0699649
Bushey,51.4052012,-0.2359167
Caledonian Road,51.5486636,-0.1180708
Caledonian Road & Barnsbury,51.5427426,-0.1174417
Cambridge Heath,51.5331911,-0.0571513
Camden Road,51.5419704,-0.139047
Camden Town,51.5393983,-0.1415573
Canada Water,51.4984711,-0.0490974
Canary Wharf,51.5054774,-0.0206736
Canary Wharf DLR,51.5051753,-0.020921
Canning Town,51.5142451,0.0086286
Cannon Street,51.5106685,-0.0906046
Canonbury,51.5485632,-0.0930239
Canons Park,51.6076366,-0.2946531
Chadwell Heath,51.5686553,0.1296555
Chalk Farm,51.5438616,-0.1542161
Chancery Lane,51.5182021,-0.1122349
Charing Cross,51.5085185,-0.1254071
Chesham,51.5476083,-0.0501085
Cheshunt,51.5425834,0.0315187
Chigwell,51.5983169,0.0372075
Chingford,51.6335156,0.0103639
Chiswick Park,51.4944941,-0.2676885
Chorleywood,51.404073,0.0981398
Clapham Common,51.4614528,-0.1392807
Clapham High Street,51.4652137,-0.1323568
Clapham Junction,51.4636536,-0.1690294
Clapham North,51.4646836,-0.1294519
Clapham South,51.4529021,-0.1485537
Clapton,51.5614219,-0.056971
Cockfosters,51.651537,-0.1497824
Colindale,51.5953302,-0.2501152
Colliers Wood,51.4176853,-0.1780897
Covent Garden,51.5129611,-0.1241901
Crossharbour,51.4964855,-0.0141948
Crouch Hill,51.5707034,-0.1160484
Croxley,51.529544,-0.2000379
Crystal Palace,51.4172619,-0.0736318
Cutty Sark,51.4820109,-0.0102352
Cyprus,51.5091139,0.0654194
Dagenham East,51.544018,0.1649496
Dagenham Heathway,51.5415534,0.1456377
Dalston Junction,51.5462061,-0.075114
Dalston Kingsland,51.5481908,-0.0760535
Debden,51.5942275,-0.0834918
Denmark Hill,51.4676216,-0.0899262
Deptford Bridge,51.4741638,-0.0223933
Devons Road,51.5230811,-0.0187557
Dollis Hill,51.5527239,-0.2394026
Ealing Broadway,51.5151841,-0.3022135
Ealing Common,51.5100753,-0.2873784
Earls Court,51.4919274,-0.1924361
East Acton,51.5151665,-0.248644
East Finchley,51.5871593,-0.1645081
East Ham,51.5390508,0.0514587
East India,51.5089553,-0.0026484
East Putney,51.4586138,-0.2112429
Eastcote,51.5762358,-0.3974017
Edgware,51.6134477,-0.275326
Edgware Road B,51.5193384,-0.1699149
Edmonton Green,51.6252455,-0.062246
Elephant & Castle,51.4942664,-0.100425
Elm Park,51.549579,0.1974303
Elverson Road,51.4685232,-0.0162072
Embankment,51.5084512,-0.1208791
Emerson Park,51.5686007,0.2202375
Enfield Town,51.6519432,-0.0808251
Epping,51.6676884,0.0548011
Euston,51.5288526,-0.1341909
Euston NR,51.5279309,-0.1291456
Euston Square,51.5258064,-0.1348495
Fairlop,51.5955727,0.0918256
Farringdon,51.5202107,-0.1057568
Finchley Central,51.601069,-0.1923646
Finchley Road,51.5462072,-0.1804186
Finchley Road & Frognal,51.5501285,-0.1823041
Finsbury Park,51.5648095,-0.1063911
Forest Gate,51.549195,0.0247683
Forest Hill,51.4392419,-0.0530903
Fulham Broadway,51.4801017,-0.1937597
Gallions Reach,51.5084518,0.0736317
Gants Hill,51.5773013,0.068103
Gidea Park,51.581535,0.2059616
Gloucester Road,51.4945266,-0.1837696
Golders Green,51.5718057,-0.1947668
Goldhawk Road,51.5017564,-0.2265662
Goodge Street,51.5205132,-0.1345803
Goodmayes,51.5647278,0.1104129
Gospel Oak,51.5547215,-0.1521369
Grange Hill,51.613134,0.0925025
Great Portland Street,51.5228337,-0.1440555
Green Park,51.507034,-0.1424272
Greenford,51.5421177,-0.3447996
Greenwich,51.4781128,-0.013255
Gunnersbury,51.4904993,-0.2738643
Hackney Central,51.5479975,-0.0570075
Hackney Downs,51.5489303,-0.0613918
Hackney Wick,51.5432719,-0.0240697
Haggerston,51.5381937,-0.0766072
Hainault,51.6041468,0.0943775
Hampstead,51.5568906,-0.1782926
Hampstead Heath,51.5552396,-0.1653912
Hanger Lane,51.5294285,-0.2918434
Hanwell,51.5118253,-0.3381509
Harlesden,51.5363567,-0.257833
Harold Wood,51.592996,0.2328785
Harringay Green Lanes,51.5771747,-0.0988112
Harrow & Wealdstone,51.5931193,-0.3356497
Harrow-on-the-Hill,51.5792928,-0.3366641
Hatch End,51.609307,-0.3689932
Hatton Cross,51.4668919,-0.4232066
Hayes & Harlington,51.5033128,-0.4201907
Headstone Lane,51.6020139,-0.356179
Heathrow Terminal 4,51.4588093,-0.4454717
Heathrow Terminal 5,51.4722216,-0.4877251
Heathrow Terminals 2&3,51.4713416,-0.452483
Hendon Central,51.5840042,-0.2285663
Heron Quays,51.5029301,-0.0215033
High Barnet,51.6493195,-0.1930976
High Street Kensington,51.5007027,-0.1941799
Highams Park,51.6084767,0.0003285
Highbury & Islington,51.5463679,-0.1036544
Highgate,51.576829,-0.1453817
Hillingdon,51.5536028,-0.4504637
Holborn,51.517111,-0.1202791
Holland Park,51.5073593,-0.2056645
Holloway Road,51.552042,-0.1114402
Homerton,51.5470011,-0.0422183
Honor Oak Park,51.4495759,-0.0445804
Hornchurch,51.5538747,0.2181092
Hounslow Central,51.4717952,-0.3672703
Hounslow East,51.4729366,-0.3567643
Hounslow West,51.4725589,-0.3853299
Hoxton,51.5291543,-0.0749998
Hyde Park Corner,51.5030443,-0.1531587
Ickenham,51.5640163,-0.4436766
Ilford,51.5585617,0.067971
Imperial Wharf,51.4748036,-0.1830576
Island Gardens,51.4879031,-0.0097721
Iver,51.500824,-0.4863637
Kennington,51.4882204,-0.1054988
Kensal Green,51.5298151,-0.2233707
Kensal Rise,51.533916,-0.2191431
Kensington Olympia,51.4981207,-0.2094777
Kentish Town,51.5513617,-0.1409954
Kentish Town West,51.5469937,-0.1467554
Kenton,51.5814418,-0.3182647
Kew Gardens,51.4770863,-0.2851949
Kilburn,51.5469317,-0.2042909
Kilburn High Road,51.5378615,-0.1931964
Kilburn Park,51.5347786,-0.1935916
King George V,51.502006,0.0623526
Kings Cross St Pancras,51.5377263,-0.1233012
Kingsbury,51.584849,-0.2793412
Knightsbridge,51.5008494,-0.1601499
Ladbroke Grove,51.5178295,-0.2104073
Lambeth North,51.4980716,-0.1122389
Lancaster Gate,51.5117416,-0.1751552
Langdon Park,51.5143785,-0.0146937
Latimer Road,51.5137526,-0.2174163
Leicester Square,51.5105612,-0.1284754
Lewisham DLR,51.464845,-0.0128936
Leyton,51.5568183,-0.0051322
Leyton Midland Road,51.5694747,-0.0070756
Leytonstone,51.5688065,0.0091252
Leytonstone High Road,51.5635395,0.0098456
Limehouse DLR,51.5124503,-0.0398601
Liverpool St NR,51.5177164,-0.0836855
Liverpool Street,51.518127,-0.0825546
London Bridge,51.5048764,-0.0851473
London City Airport,51.5035322,0.048542
London Fields,51.5410518,-0.0577737
Loughton,51.4668087,0.1468586
Maida Vale,51.5298672,-0.1857447
Maidenhead,51.5002795,-0.7645941
Manor House,51.5719942,-0.0966262
Manor Park,51.5526322,0.0467221
Mansion House,51.5126558,-0.0948153
Marble Arch,51.513435,-0.1582531
Maryland,51.5471498,0.0060295
Marylebone,51.5226092,-0.1631475
Mile End,51.5253494,-0.0332119
Mill Hill East,51.6084962,-0.2105649
Monument,51.5107942,-0.0849072
Moor Park,51.4913231,-0.4854394
Moorgate,51.5182516,-0.0890625
Morden,51.4022682,-0.1946882
Mornington Crescent,51.5341125,-0.1389888
Mudchute,51.4916048,-0.014791
Neasden,51.553993,-0.2497912
New Cross,51.4756875,-0.0311729
New Cross Gate,51.4748719,-0.0410958
Newbury Park,51.5756436,0.0904863
Nine Elms,51.4793426,-0.1286945
North Acton,51.5235769,-0.2597818
North Ealing,51.5163646,-0.2916007
North Greenwich,51.5004777,0.0029742
North Harrow,51.5846049,-0.3623408
North Wembley,51.5625907,-0.3057586
Northfields,51.4988253,-0.3143921
Northolt,51.5484582,-0.3695247
Northwick Park,51.578491,-0.3176997
Northwood,51.6108082,-0.4235307
Northwood Hills,51.6004227,-0.4095424
Norwood Junction,51.3978335,-0.0738696
Notting Hill Gate,51.5089252,-0.1961978
Oakwood,51.6474897,-0.1318765
Old Street,51.5256284,-0.0876094
Osterley,51.4810147,-0.3519792
Oval,51.4825301,-0.1131511
Oxford Circus,51.5154418,-0.1419563
Paddington,51.5176622,-0.1799968
Park Royal,51.5269769,-0.2844504
Parsons Green,51.4751358,-0.2018604
Peckham Rye,51.4692572,-0.0678717
Penge West,51.4174041,-0.0617741
Perivale,51.5366575,-0.3237865
Piccadilly Circus,51.5098192,-0.1345484
Pimlico,51.4889309,-0.1330996
Pinner,51.5943501,-0.3826741
Plaistow,51.5312219,0.0181524
Poplar,51.5077131,-0.0172859
Preston Road,51.5723577,-0.2947663
Prince Regent,51.5099815,0.0330332
Pudding Mill Lane,51.5338301,-0.0135365
Putney Bridge,51.4678801,-0.2090586
Queens Park,51.5360591,-0.2112431
Queens Rd Peckham,51.4741117,-0.0570532
Queensbury,51.5947111,-0.2850582
Queensway,51.5101232,-0.1882589
Ravenscourt Park,51.494212,-0.2367109
Rayners Lane,51.5751352,-0.3709086
Reading,51.5338494,-0.2261117
Rectory Road,51.5585066,-0.0682106
Redbridge,51.575863,0.0458398
Regents Park,51.5329736,-0.1645336
Richmond,51.4632778,-0.3015694
Rickmansworth,51.6072157,-0.4281923
Roding Valley,51.6171748,0.0438665
Romford,51.5745512,0.1834662
Rotherhithe,51.5006085,-0.0519932
Royal Albert,51.5083952,0.0458839
Royal Oak,51.5191279,-0.188624
Royal Victoria,51.5091168,0.0175913
Ruislip,51.5715259,-0.4213483
Ruislip Gardens,51.5601316,-0.4106596
Ruislip Manor,51.5731906,-0.4127193
Russell Square,51.5234289,-0.124118
Seven Kings,51.5644305,0.0986038
Seven Sisters,51.5840268,-0.0741036
Shadwell LO,51.5094102,-0.0515703
Shenfield,51.5311671,-0.0781146
Shepherds Bush,51.5040544,-0.2247685
Shepherds Bush LO,51.5041313,-0.2191496
Shoreditch High Street,51.5240759,-0.0797314
Silver Street,51.6152781,-0.0669005
Sloane Square,51.4923207,-0.1571887
Slough,51.5098978,-0.5357882
Snaresbrook,51.5809276,0.0221438
South Acton,51.4997225,-0.2698979
South Ealing,51.5013247,-0.3070199
South Hampstead,51.5414337,-0.1788007
South Harrow,51.5648147,-0.3524182
South Kensington,51.4942114,-0.1750557
South Kenton,51.5706287,-0.3073608
South Quay,51.4999568,-0.0147359
South Ruislip,51.5565752,-0.3986189
South Tottenham,51.58046,-0.0722571
South Wimbledon,51.4153575,-0.1922052
South Woodford,51.5919385,0.027636
Southall,51.5054992,-0.378866
Southbury,51.6487014,-0.0525297
Southfields,51.4440961,-0.2074366
Southgate,51.6323052,-0.1278154
Southwark,51.5032295,-0.1044786
St James Street,51.5813327,-0.0324104
St James's Park,51.4977832,-0.1344199
St Johns Wood,-27.4430062,152.9709496
St Pauls,51.4039644,0.1040406
Stamford Brook,51.4947956,-0.24513
Stamford Hill,51.5745682,-0.0777771
Stanmore,51.6197796,-0.3028244
Star Lane DLR,51.5211364,0.0045441
Stepney Green,51.5218653,-0.0466321
Stockwell,51.4717205,-0.1233143
Stoke Newington,51.5652239,-0.0727999
Stonebridge Park,51.5441815,-0.2741894
Stratford,51.5416543,-0.004785
Stratford High Street,51.5376469,-0.0001288
Stratford International,51.5454521,-0.0065939
Sudbury Hill,51.5574723,-0.335511
Sudbury Town,51.5496508,-0.3171144
Surrey Quays,51.49276,-0.047763
Swiss Cottage,51.5424201,-0.1751727
Taplow,51.4887234,-0.0868922
Temple,51.5110603,-0.1137618
Tooting Bec,51.4358076,-0.1591729
Tooting Broadway,51.427566,-0.1679587
Tottenham Court Road,51.5166718,-0.1281211
Tottenham Hale,51.5884964,-0.0602518
Totteridge & Whetstone,51.63006,-0.1767584
Tower Gateway,51.5104613,-0.0750486
Tower Hill,51.5098481,-0.0766986
Tufnell Park,51.5568846,-0.1373772
Turkey Street,51.672488,-0.047099
Turnham Green,51.4953269,-0.2549777
Turnpike Lane,51.5897111,-0.1024927
Twyford,51.5352719,-0.27305
Upminster,51.5585367,0.2540286
Upminster Bridge,51.5582655,0.2347689
Upney,51.538266,0.099626
Upper Holloway,51.5639755,-0.1294059
Upton Park,51.5353409,0.0352396
Uxbridge,51.5461974,-0.4786267
Vauxhall,51.485663,-0.1248249
Victoria,51.4950525,-0.1448455
W Silvertown,51.5027729,0.0240193
Walthamstow Central,51.5829022,-0.0213976
Walthamstow Queens Road,51.5788571,-0.0223923
Wandsworth Road,51.4709435,-0.1375629
Wanstead,51.5753425,0.0271887
Wanstead Park,51.5511477,0.0252786
Wapping,51.5040112,-0.0566767
Warren Street,51.5240842,-0.1376199
Warwick Avenue,51.5233436,-0.1838506
Waterloo,51.5029658,-0.1156915
Watford Junction,51.6893596,-0.419174
Wembley Central,51.5513971,-0.297969
Wembley Park,51.5634786,-0.2796983
West Acton,51.5179412,-0.2809616
West Brompton,51.4872484,-0.195522
West Croydon,51.3784565,-0.1026293
West Drayton,51.5100977,-0.4721923
West Ealing,51.5136461,-0.3209377
West Finchley,51.6094637,-0.1884316
West Ham,51.5277892,0.0046239
West Hampstead,51.5467503,-0.1907661
West Hampstead LO,51.5509898,-0.1917279
West Harrow,51.5795991,-0.3531364
West India Quay,51.5067417,-0.0204833
West Kensington,51.4908716,-0.2059575
West Ruislip,51.5695695,-0.4382647
Westbourne Park,51.5209715,-0.2008201
Westferry,51.5086688,-0.0267807
Westminster,51.5013562,-0.1249302
White City,51.5115381,-0.2246052
White Hart Lane,51.6051183,-0.0681903
Whitechapel,51.5196834,-0.0603423
Willesden Green,51.5491613,-0.221219
Willesden Junction,51.5328549,-0.240132
Wimbledon,51.4202156,-0.2065393
Wimbledon Park,51.4345256,-0.199519
Wood Green,51.5971721,-0.109085
Wood Lane,51.5101068,-0.2237557
Wood Street,51.5867017,-0.0017652
Woodford,51.6081955,0.0362557
Woodgrange Park,51.5491867,0.0436429
Woodside Park,51.6178525,-0.1851785
Woolwich Arsenal DLR,51.4901052,0.0695827
Woolwich Arsenal NR,51.4956062,0.0708298
